Workbook

Sheet Σύνοψη
A1: Αξιολόγηση — Αντίστροφο Λεξικό έναντι LLM
A2: 30 περιγραφές ελέγχου. Θέση = σε ποια θέση της δεκάδας βγήκε η σωστή λέξη (κενό = δεν βγήκε). Οι τιμές υπολογίζονται από το φύλλο «Ανά περιγραφή».
A3: LLM: ChatGPT και Gemini (δωρεάν, χωρίς σύνδεση), 22/10/2026 — χωρίς πρόσβαση στο λεξικό, ίδιο prompt. Λεξικό: intfloat/multilingual-e5-large (ONNX).
A5: Ομάδα | B5: Πλήθος | C5: Λεξικό: σωστή 1η | D5: Λεξικό: στις 10 | E5: ChatGPT: σωστή 1η | F5: ChatGPT: στις 10 | G5: Gemini: σωστή 1η | H5: Gemini: στις 10
A6: Σύνολο | B6: =COUNTA('Ανά περιγραφή'!$B$2:$B$31) -> 30 | C6: =COUNTIF('Ανά περιγραφή'!$G$2:$G$31,1)/B6 -> 0.2 | D6: =COUNT('Ανά περιγραφή'!$G$2:$G$31)/B6 -> 0.5 | E6: =COUNTIF('Ανά περιγραφή'!$H$2:$H$31,1)/B6 -> 0.76666667 | F6: =COUNT('Ανά περιγραφή'!$H$2:$H$31)/B6 -> 0.93333333 | G6: =COUNTIF('Ανά περιγραφή'!$I$2:$I$31,1)/B6 -> 0.8 | H6: =COUNT('Ανά περιγραφή'!$I$2:$I$31)/B6 -> 0.9
A7: Χωρίς τις 4 «ίδιας ρίζας» | B7: =COUNTIF('Ανά περιγραφή'!$F$2:$F$31,"όχι") -> 26 | C7: =COUNTIFS('Ανά περιγραφή'!$F$2:$F$31,"όχι",'Ανά περιγραφή'!$G$2:$G$31,1)/B7 -> 0.15384615 | D7: =COUNTIFS('Ανά περιγραφή'!$F$2:$F$31,"όχι",'Ανά περιγραφή'!$G$2:$G$31,"<>")/B7 -> 0.46153846 | E7: =COUNTIFS('Ανά περιγραφή'!$F$2:$F$31,"όχι",'Ανά περιγραφή'!$H$2:$H$31,1)/B7 -> 0.73076923 | F7: =COUNTIFS('Ανά περιγραφή'!$F$2:$F$31,"όχι",'Ανά περιγραφή'!$H$2:$H$31,"<>")/B7 -> 0.92307692 | G7: =COUNTIFS('Ανά περιγραφή'!$F$2:$F$31,"όχι",'Ανά περιγραφή'!$I$2:$I$31,1)/B7 -> 0.76923077 | H7: =COUNTIFS('Ανά περιγραφή'!$F$2:$F$31,"όχι",'Ανά περιγραφή'!$I$2:$I$31,"<>")/B7 -> 0.88461538
A8: Εύκολες | B8: =COUNTIF('Ανά περιγραφή'!$E$2:$E$31,"Εύκολη") -> 9 | C8: =COUNTIFS('Ανά περιγραφή'!$E$2:$E$31,"Εύκολη",'Ανά περιγραφή'!$G$2:$G$31,1)/B8 -> 0.11111111 | D8: =COUNTIFS('Ανά περιγραφή'!$E$2:$E$31,"Εύκολη",'Ανά περιγραφή'!$G$2:$G$31,"<>")/B8 -> 0.55555556 | E8: =COUNTIFS('Ανά περιγραφή'!$E$2:$E$31,"Εύκολη",'Ανά περιγραφή'!$H$2:$H$31,1)/B8 -> 0.77777778 | F8: =COUNTIFS('Ανά περιγραφή'!$E$2:$E$31,"Εύκολη",'Ανά περιγραφή'!$H$2:$H$31,"<>")/B8 -> 0.88888889 | G8: =COUNTIFS('Ανά περιγραφή'!$E$2:$E$31,"Εύκολη",'Ανά περιγραφή'!$I$2:$I$31,1)/B8 -> 0.77777778 | H8: =COUNTIFS('Ανά περιγραφή'!$E$2:$E$31,"Εύκολη",'Ανά περιγραφή'!$I$2:$I$31,"<>")/B8 -> 0.88888889
A9: Μέτριες | B9: =COUNTIF('Ανά περιγραφή'!$E$2:$E$31,"Μέτρια") -> 13 | C9: =COUNTIFS('Ανά περιγραφή'!$E$2:$E$31,"Μέτρια",'Ανά περιγραφή'!$G$2:$G$31,1)/B9 -> 0.15384615 | D9: =COUNTIFS('Ανά περιγραφή'!$E$2:$E$31,"Μέτρια",'Ανά περιγραφή'!$G$2:$G$31,"<>")/B9 -> 0.46153846 | E9: =COUNTIFS('Ανά περιγραφή'!$E$2:$E$31,"Μέτρια",'Ανά περιγραφή'!$H$2:$H$31,1)/B9 -> 0.84615385 | F9: =COUNTIFS('Ανά περιγραφή'!$E$2:$E$31,"Μέτρια",'Ανά περιγραφή'!$H$2:$H$31,"<>")/B9 -> 1 | G9: =COUNTIFS('Ανά περιγραφή'!$E$2:$E$31,"Μέτρια",'Ανά περιγραφή'!$I$2:$I$31,1)/B9 -> 0.84615385 | H9: =COUNTIFS('Ανά περιγραφή'!$E$2:$E$31,"Μέτρια",'Ανά περιγραφή'!$I$2:$I$31,"<>")/B9 -> 0.92307692
A10: Δύσκολες | B10: =COUNTIF('Ανά περιγραφή'!$E$2:$E$31,"Δύσκολη") -> 8 | C10: =COUNTIFS('Ανά περιγραφή'!$E$2:$E$31,"Δύσκολη",'Ανά περιγραφή'!$G$2:$G$31,1)/B10 -> 0.375 | D10: =COUNTIFS('Ανά περιγραφή'!$E$2:$E$31,"Δύσκολη",'Ανά περιγραφή'!$G$2:$G$31,"<>")/B10 -> 0.5 | E10: =COUNTIFS('Ανά περιγραφή'!$E$2:$E$31,"Δύσκολη",'Ανά περιγραφή'!$H$2:$H$31,1)/B10 -> 0.625 | F10: =COUNTIFS('Ανά περιγραφή'!$E$2:$E$31,"Δύσκολη",'Ανά περιγραφή'!$H$2:$H$31,"<>")/B10 -> 0.875 | G10: =COUNTIFS('Ανά περιγραφή'!$E$2:$E$31,"Δύσκολη",'Ανά περιγραφή'!$I$2:$I$31,1)/B10 -> 0.75 | H10: =COUNTIFS('Ανά περιγραφή'!$E$2:$E$31,"Δύσκολη",'Ανά περιγραφή'!$I$2:$I$31,"<>")/B10 -> 0.875
A11: Ουσιαστικά | B11: =COUNTIF('Ανά περιγραφή'!$D$2:$D$31,"Ουσιαστικό") -> 18 | C11: =COUNTIFS('Ανά περιγραφή'!$D$2:$D$31,"Ουσιαστικό",'Ανά περιγραφή'!$G$2:$G$31,1)/B11 -> 0.22222222 | D11: =COUNTIFS('Ανά περιγραφή'!$D$2:$D$31,"Ουσιαστικό",'Ανά περιγραφή'!$G$2:$G$31,"<>")/B11 -> 0.55555556 | E11: =COUNTIFS('Ανά περιγραφή'!$D$2:$D$31,"Ουσιαστικό",'Ανά περιγραφή'!$H$2:$H$31,1)/B11 -> 0.72222222 | F11: =COUNTIFS('Ανά περιγραφή'!$D$2:$D$31,"Ουσιαστικό",'Ανά περιγραφή'!$H$2:$H$31,"<>")/B11 -> 1 | G11: =COUNTIFS('Ανά περιγραφή'!$D$2:$D$31,"Ουσιαστικό",'Ανά περιγραφή'!$I$2:$I$31,1)/B11 -> 0.83333333 | H11: =COUNTIFS('Ανά περιγραφή'!$D$2:$D$31,"Ουσιαστικό",'Ανά περιγραφή'!$I$2:$I$31,"<>")/B11 -> 0.94444444
A12: Επίθετα | B12: =COUNTIF('Ανά περιγραφή'!$D$2:$D$31,"Επίθετο") -> 6 | C12: =COUNTIFS('Ανά περιγραφή'!$D$2:$D$31,"Επίθετο",'Ανά περιγραφή'!$G$2:$G$31,1)/B12 -> 0.33333333 | D12: =COUNTIFS('Ανά περιγραφή'!$D$2:$D$31,"Επίθετο",'Ανά περιγραφή'!$G$2:$G$31,"<>")/B12 -> 0.33333333 | E12: =COUNTIFS('Ανά περιγραφή'!$D$2:$D$31,"Επίθετο",'Ανά περιγραφή'!$H$2:$H$31,1)/B12 -> 1 | F12: =COUNTIFS('Ανά περιγραφή'!$D$2:$D$31,"Επίθετο",'Ανά περιγραφή'!$H$2:$H$31,"<>")/B12 -> 1 | G12: =COUNTIFS('Ανά περιγραφή'!$D$2:$D$31,"Επίθετο",'Ανά περιγραφή'!$I$2:$I$31,1)/B12 -> 0.83333333 | H12: =COUNTIFS('Ανά περιγραφή'!$D$2:$D$31,"Επίθετο",'Ανά περιγραφή'!$I$2:$I$31,"<>")/B12 -> 1
A13: Ρήματα | B13: =COUNTIF('Ανά περιγραφή'!$D$2:$D$31,"Ρήμα") -> 6 | C13: =COUNTIFS('Ανά περιγραφή'!$D$2:$D$31,"Ρήμα",'Ανά περιγραφή'!$G$2:$G$31,1)/B13 -> 0 | D13: =COUNTIFS('Ανά περιγραφή'!$D$2:$D$31,"Ρήμα",'Ανά περιγραφή'!$G$2:$G$31,"<>")/B13 -> 0.5 | E13: =COUNTIFS('Ανά περιγραφή'!$D$2:$D$31,"Ρήμα",'Ανά περιγραφή'!$H$2:$H$31,1)/B13 -> 0.66666667 | F13: =COUNTIFS('Ανά περιγραφή'!$D$2:$D$31,"Ρήμα",'Ανά περιγραφή'!$H$2:$H$31,"<>")/B13 -> 0.66666667 | G13: =COUNTIFS('Ανά περιγραφή'!$D$2:$D$31,"Ρήμα",'Ανά περιγραφή'!$I$2:$I$31,1)/B13 -> 0.66666667 | H13: =COUNTIFS('Ανά περιγραφή'!$D$2:$D$31,"Ρήμα",'Ανά περιγραφή'!$I$2:$I$31,"<>")/B13 -> 0.66666667
A15: Λέξεις που υπάρχουν στο λεξικό — ChatGPT | B15: =SUM('Ανά περιγραφή'!$M$2:$M$31)/(10*B6) -> 0.69333333
A16: Οι υπόλοιπες είναι κυρίως μετοχές, θηλυκοί τύποι ή φράσεις, αλλά και λέξεις που δεν υπάρχουν (π.χ. «ταχυδρόμης», «αιμοδοτούχος», «αυτοδιδάκτωρ», «καθρεπτίζουσα») ή ξένες («pastrychef»).
A17: Λέξεις που υπάρχουν στο λεξικό — Gemini | B17: =SUM('Ανά περιγραφή'!$N$2:$N$31)/(10*B6) -> 0.81666667

Sheet Ανά περιγραφή
A1: # | B1: Λέξη-στόχος | C1: Περιγραφή | D1: Είδος | E1: Δυσκολία | F1: Ίδια ρίζα | G1: Θέση — λεξικό | H1: Θέση — ChatGPT | I1: Θέση — Gemini | J1: 10 πρώτες — λεξικό | K1: 10 πρώτες — ChatGPT | L1: 10 πρώτες — Gemini | M1: ChatGPT: λέξεις που υπάρχουν στο λεξικό (από 10) | N1: Gemini: λέξεις που υπάρχουν στο λεξικό (από 10)
A2: 1 | B2: καρέκλα | C2: Αντικείμενο που καθόμαστε, με τέσσερα συνήθως πόδια | D2: Ουσιαστικό | E2: Εύκολη | F2: όχι | G2: 3 | H2: 1 | I2: 1 | J2: τετράποδος, τρίποδας, καρέκλα, τετραθέσιος, τραπέζι, τετράπλευρος, τρίποδο, ράχη, τετράγωνος, τετράφυλλος | K2: καρέκλα, σκαμνί, πολυθρόνα, κάθισμα, θρόνος, πάγκος, σκαμπό, έδρα, καναπές, πολυθρονάκι | L2: καρέκλα, κάθισμα, πολυθρόνα, σκαμπό, παγκάκι, θρανίο, ανάκλιντρο, θρόνος, ντιβάνι, έδρανο | M2: 9 | N2: 10
A3: 2 | B3: κουτάλι | C3: Αντικείμενο που χρησιμοποιείται από τον άνθρωπο για κατανάλωση τροφών | D3: Ουσιαστικό | E3: Εύκολη | F3: όχι | H3: 2 | I3: 2 | J3: τρόφιμο, φαγητό, στόμα, καταναλώσιμος, σκεύος, πιάτο, μπουκιά, αναλωτός, καταναλωτικός, τσιμπολόγημα | K3: πιρούνι, κουτάλι, πιάτο, μαχαίρι, ποτήρι, μπολ, κύπελλο, καλαμάκι, τσοπστίκ, κουτάλα | L3: πιρούνι, κουτάλι, μαχαιροπίρουνο, πιάτο, μαχαίρι, κουτάλα, πιρουνάκι, μπoλ, σκεύος, τσιμπίδα | M3: 8 | N3: 8
A4: 3 | B4: ρολόι | C4: Συσκευή που δείχνει την ώρα | D4: Ουσιαστικό | E4: Εύκολη | F4: όχι | G4: 1 | H4: 1 | I4: 1 | J4: ρολόι, ώρα, ωρολόγιο, ρολόγι, χρονόμετρο, εκεί, ωροδείκτης, κοντά, βασίλεμα, ημεροδείκτης | K4: ρολόι, χρονόμετρο, ξυπνητήρι, χρονογράφος, ρολόι χειρός, ρολόι τοίχου, κλεψύδρα, ηλιακός, ψηφιακός, χρονομετρητής | L4: ρολόι, χρονόμετρο, ξυπνητήρι, κλεψύδρα, ωροδείκτης, χρονογράφος, ηλιοτρόπιο, ωρολόγιο, κούκος, χρονομέτρης | M4: 7 | N4: 10
A5: 4 | B5: φούρνος | C5: Το κατάστημα που παράγει και πουλάει είδη αρτοποιίας ή η συσκευή που χρησιμοποιείται για μαγείρεμα τροφών | D5: Ουσιαστικό | E5: Εύκολη | F5: όχι | G5: 9 | H5: 1 | I5: 1 | J5: αρτοπωλείο, αρτοζαχαροπλαστείο, αρτοβιομηχανία, αλλαντοπωλείο, αρωματοπωλείο, αρτοποιία, αρτοπώλης, αρωματοποιία, φούρνος, αρωματοποιείο | K5: φούρνος, αρτοποιείο, φουρνάρης, αρτοποιός, ζαχαροπλαστείο, μαγειρείο, κουζίνα, εστία, αρτοπωλείο, κλίβανος | L5: φούρνος, αρτοποιείο, αρτοπωλείο, κλίβανος, ψησταριά, εστία, κουζίνα, καρβουνιάρα, αρτοκλίβανος, γάστρα | M5: 10 | N5: 9
A6: 5 | B6: ταχυδρόμος | C6: Ο άνθρωπος που έχει ως επάγγελμα την παράδοση γραμμάτων κατ΄οίκον | D6: Ουσιαστικό | E6: Εύκολη | F6: όχι | H6: 1 | I6: 1 | J6: γραμματοκομιστής, λιβελογράφος, γράφω, γραφικός, τυπογράφος, συναξαριστής, δελτιογράφος, ευθυμογράφος, εθναπόστολος, εκδότης | K6: ταχυδρόμος, διανομέας, επιστολοφόρος, αγγελιοφόρος, κούριερ, ταχυμεταφορέας, γραμματοκομιστής, διαβιβαστής, ταχυδρόμης, μεταφορέας | L6: ταχυδρόμος, διανομέας, κλητήρας, αγγελιοφόρος, γραμματοκομιστής, ταχυμεταφορέας, κούριερ, επιστολοφόρος, ταχυδρόμης, κομιστής | M6: 6 | N6: 6
A7: 6 | B7: ζαχαροπλάστης | C7: Ο άνθρωπος που έχει ως επάγγελμα την παρασκευή γλυκισμάτων | D7: Ουσιαστικό | E7: Εύκολη | F7: όχι | G7: 2 | H7: 1 | I7: 1 | J7: γλυκατζής, ζαχαροπλάστης, πατσατζής, ζαχαροπλαστική, εργολάβος, αρωματοποιός, αλλαντοποιός, γλυκός, λουκουματζής, κοσμηματοποιός | K7: ζαχαροπλάστης, γλυκοποιός, pastrychef, αρτοποιός, μάγειρας, σεφ, confectioner, σοκολατοποιός, πατισιέρης, χαλβαδοποιός | L7: ζαχαροπλάστης, γλυκισματοποιός, αρτοζαχαροπλάστης, σοκολατοποιός, μάγειρας, σεφ, σιροπιαστής, παγωτοποιός, παρασκευαστής, τεχνίτης | M7: 4 | N7: 5
A8: 7 | B8: χορτάτος | C8: Αυτός που δεν πεινάει, που έχει ήδη φάει | D8: Επίθετο | E8: Εύκολη | F8: όχι | H8: 1 | I8: 1 | J8: νηστικός, αφάγωτος, αφούντωτος, αχόρταστος, ανήστευτος, ακατούρητος, αζούπηχτος, αδίψαστος, λαίμαργος, άπηχτος | K8: χορτάτος, κορεσμένος, πλήρης, φαγωμένος, χορτασμένος, ευχαριστημένος, ικανοποιημένος, χορταστικός, γεμάτος, υπερσιτισμένος | L8: χορτάτος, χορτασμένος, πλήρης, κορεσμένος, φουσκωμένος, ταϊσμένος, σιτισμένος, βεβαρυμένος, βουλιμικός, βαρύς | M8: 4 | N8: 5
A9: 8 | B9: κολυμπώ | C9: Το σύνολο των κινήσεων που κάνω για να κινηθώ βρισκόμενος μέσα σε έναν μεγάλο όγκο υγρού στοιχείου | D9: Ρήμα | E9: Εύκολη | F9: όχι | J9: μισοβυθίζομαι, νοτίζω, πλατσουρίζω, κυκλοφορώ, διοχετεύω, επιπλέω, βουτάω, ανακινώ, κατάποση, βυθίζω | K9: κολύμπι, κολύμβηση, πλεύση, κολυμβητική, βουτιά, κατάδυση, νευροσπασμός, υδροκίνηση, κωπηλασία, πλοήγηση | L9: κολύμπι, κολύμβηση, πλεύση, επίπλευση, μακροβούτι, βουτιά, κατάδυση, ναυσιπλοΐα, κολυμβητική, πλατσούρισμα | M9: 7 | N9: 8
A10: 9 | B10: ξενυχτώ | C10: Κοιμάμαι αργά το βράδυ ή δεν κοιμάμαι καθόλου | D10: Ρήμα | E10: Εύκολη | F10: όχι | G10: 2 | H10: 1 | I10: 1 | J10: κακοκοιμάμαι, ξενυχτώ, λαγοκοιμάμαι, βρικολακιάζω, κοιμάμαι, κοιμίζω, υπνοβατώ, βραδιάζω, νυκτοβατώ, ξαγρυπνώ | K10: ξενυχτώ, αγρυπνώ, αϋπνώ, ξαγρυπνώ, διανυκτερεύω, ολονυχτώ, παραμένω, αγρυπνάω, αργοπορώ, αϋπνίζω | L10: ξενυχτάω, αγρυπνώ, ξαγρυπνώ, αϋπνώ, νυχτοπατώ, ξενυχτώ, διανυκτερεύω, αποκοιμιέμαι, πλανιέμαι, ρεμβάζω | M10: 6 | N10: 6
A11: 10 | B11: καθρέφτης | C11: Γυάλινη επιφάνεια με την ιδιότητα του κατόπτρου | D11: Ουσιαστικό | E11: Μέτρια | F11: όχι | G11: 6 | H11: 1 | I11: 1 | J11: γυάλα, γυάλινος, βιτρίνα, γυαλί, κάτοπτρο, καθρέφτης, γυαλιστερός, ιλουστρασιόν, υαλοειδής, κατοπτρικός | K11: καθρέφτης, κάτοπτρο, καθρεπτίζουσα, υαλοπίνακας, γυαλί, κρύσταλλο, καθρεπτίδιο, αντανακλαστήρας, καθρεφτάκι, κατοπτρική | L11: καθρέφτης, κάτοπτρο, καθρεφτάκι, είδωλο, γυαλί, υαλοπίνακας, ανακλαστήρας, κρύσταλλο, τζάμι, πρίσμα | M11: 5 | N11: 9
A12: 11 | B12: φάρος | C12: Παραθαλάσσιο υψηλό και κυλινδρικό κτίσμα που στην κορυφή εκπέμπει φως για προειδοποίηση εγγύς στεριάς προς τα διερχόμενα πλοία | D12: Ουσιαστικό | E12: Μέτρια | F12: όχι | H12: 1 | I12: 1 | J12: ακτή, θάλασσα, κατάπλους, ψηλά, Υψηλότητα, αβίζο, καστέλι, περίπτερο, ναυπήγημα, ντοκ | K12: φάρος, φανός, φανάρια, φανόπυργος, πυρσός, φωτοσημαντήρας, φανόσημο, σηματοδότης, πύργος, φωτοφάρος | L12: φάρος, φανοστάτης, φανάρι, πυρσός, παρατηρητήριο, σήμαντρο, φυλάκιο, πύργος, σηματοφόρος, βίγλα | M12: 5 | N12: 9
A13: 12 | B13: ζήλια | C13: Η αίσθηση κτητικότητας ή η αναστάτωση που προκύπτει όταν θα θέλαμε να είμαστε εμείς στη θέση κάποιου με επιτεύγματα | D13: Ουσιαστικό | E13: Μέτρια | F13: όχι | H13: 1 | I13: 1 | J13: ανασφάλεια, ζηλεύω, νιώθω, αγωνία, αίσθημα, ακτημοσύνη, ζω, κολακεύω, συγκινημένος, αξίωση | K13: ζήλια, φθόνος, ζηλοφθονία, ζήλεια, φθονερότητα, επιθυμία, απληστία, ανταγωνισμός, πικρία, δυσαρέσκεια | L13: ζήλια, φθόνος, ζηλοτυπία, εμπάθεια, μοχθηρία, μικροπρέπεια, κακοπιστία, πικρία, κακεντρέχεια, ανταγωνισμός | M13: 8 | N13: 10
A14: 13 | B14: κληρονομιά | C14: Η περιουσία που αφήνει κάποιος που πέθανε στους απόγονους του | D14: Ουσιαστικό | E14: Μέτρια | F14: όχι | G14: 1 | H14: 1 | I14: 1 | J14: κληρονομιά, αφήνω, κληροδοσία, γράφω, διαθήκη, κληροδότης, κληροδοτώ, κληροδότημα, κληρονομία, απόκληρος | K14: κληρονομιά, κληροδότημα, κληρονομία, περιουσία, παρακαταθήκη, κατάλοιπο, κληροδότημα, κληροδότηση, παραχώρηση, διαδοχή | L14: κληρονομιά, κληροδότημα, περιουσία, κληρονομικότητα, κατάλοιπο, κτήμα, διαθήκη, αποθεματικό, παρακαταθήκη, παρακαταθήκη | M14: 9 | N14: 9
A15: 14 | B15: αμνησία | C15: Ξεχνάω συχνά γεγονότα που γνωρίζω ή έχω ζήσει | D15: Ουσιαστικό | E15: Μέτρια | F15: όχι | H15: 4 | J15: θυμίζω, ξέρω, θυμάμαι, ξαναβλέπω, υπόψη, ενθυμούμαι, σκέφτομαι, ξεχνώ, σημειώνω, πρωτοθυμάμαι | K15: ξεχνώ, λησμονώ, αφηρημάδα, αμνησία, λησμονιά, επιλησμοσύνη, απροσεξία, αφηρημένος, ασθενής, αμνημονία | L15: ξεχνάω, λησμονώ, παραλείπω, παραβλέπω, αφαιρούμαι, απολησμονώ, αποπροσανατολίζομαι, παρανοώ, αμελώ, απωθώ | M15: 8 | N15: 7
A16: 15 | B16: ηλιοβασίλεμα | C16: Η δύση του ηλίου στον ορίζοντα | D16: Ουσιαστικό | E16: Μέτρια | F16: ναι | G16: 3 | H16: 1 | I16: 1 | J16: δύση, βασίλεμα, ηλιοβασίλεμα, γέρμα, λιόγερμα, δειλινό, ημέρα, ήλιος, δύω, ξημερώνω | K16: ηλιοβασίλεμα, δύση, δειλινό, βασίλεμα, ηλιοδύση, σούρουπο, λυκόφως, εσπέρα, απόβραδο, δύσμα | L16: ηλιοβασίλεμα, δύση, δειλινό, εσπέρα, σούρουπο, ηλιόγερμα, λυκόφως, απογευματινό, απόβραδο, γέρμα | M16: 8 | N16: 8
A17: 16 | B17: εθελοντής | C17: Αυτός που οικειοθελώς αναλαμβάνει μια εργασία υποβοήθησης άλλου ή μια εργασία για έναν κοινωνικό σκοπό | D17: Ουσιαστικό | E17: Μέτρια | F17: όχι | G17: 1 | H17: 1 | I17: 1 | J17: εθελοντής, εθελοντικός, συνεργάτης, λειτουργός, ανθρωπιστικός, βοηθός, συμπαραστάτης, βοηθηματούχος, υποβοηθώ, συνεισφέρω | K17: εθελοντής, εθελόντρια, εθελοντικός, αρωγός, βοηθός, συμπαραστάτης, αλληλέγγυος, συνδρομητής, χορηγός, υποστηρικτής | L17: εθελοντής, συμπαραστάτης, αρωγός, βοηθός, ευεργέτης, αλληλέγγυος, δωρητής, ακτιβιστής, συνδράμων, λειτουργός | M17: 10 | N17: 9
A18: 17 | B18: πείσμα | C18: Η επιθυμία να μην παρατάς το στόχο σου παρά τις δυσκολίες ή η εμμονή στην άποψη σου ανεξαρτήτως δίκαιου | D18: Ουσιαστικό | E18: Μέτρια | F18: όχι | H18: 2 | I18: 1 | J18: εννοώ, επιμένω, διατηρώ, επιμονή, επίμονος, κρατώ, ναι, φιρί, συνεχίζω, σκληρός | K18: επιμονή, πείσμα, εμμονή, επιμονότητα, ισχυρογνωμοσύνη, ξεροκεφαλιά, αποφασιστικότητα, επιμονικότητα, αδιαλλαξία, προσήλωση | L18: πείσμα, επιμονή, ισχυρογνωμοσύνη, πεισματάρικο, ξεροκεφαλιά, προσήλωση, εμμονή, καρτερία, φανατισμός, δογματισμός | M18: 8 | N18: 9
A19: 18 | B19: ντροπαλός | C19: Αυτός που ντρέπεται | D19: Επίθετο | E19: Μέτρια | F19: ναι | H19: 1 | I19: 1 | J19: ντροπιαστικός, χλευαστής, σκευωρός, ντρέπομαι, θλιμμένος, ντροπή, περίλυπος, λογοκόπος, διαφθορέας, πρεσβύωπας | K19: ντροπαλός, συνεσταλμένος, δειλός, σεμνός, αμήχανος, συστολικός, ντροπαίνω, ερυθριών, αιδήμων, εσωστρεφής | L19: ντροπαλός, συνεσταλμένος, ντροπιασμένος, δειλός, εσωστρεφής, επιφυλακτικός, άτολμος, συστολικός, μετριόφρων, ανασφαλής | M19: 8 | N19: 9
A20: 19 | B20: μοναχικός | C20: Αυτός που δεν επιθυμεί την ανθρώπινη παρέα | D20: Επίθετο | E20: Μέτρια | F20: όχι | H20: 1 | I20: 3 | J20: ανθρωποφοβία, αντικοινωνικός, απάτητος, ερημίτης, τεμπέλης, αμπαρώνω, άβγαλτος, ανθρωπόφοβος, μισάνθρωπος, ακοινώνητος | K20: μοναχικός, ερημίτης, ακοινώνητος, αντικοινωνικός, εσωστρεφής, μονήρης, απόμακρος, απομονωμένος, αγοφοβικός, μισάνθρωπος | L20: αντικοινωνικός, μονήρης, μοναχικός, μισάνθρωπος, ιδιόρρυθμος, απόμακρος, απρόσιτος, μοναχοπαίδι, αγέλαστος, αναχωρητής | M20: 8 | N20: 10
A21: 20 | B21: ψιθυρίζω | C21: Μιλάω πολύ σιγά | D21: Ρήμα | E21: Μέτρια | F21: όχι | G21: 2 | H21: 1 | I21: 1 | J21: σιγομουρμουρίζω, ψιθυρίζω, σιγά, μουρμουρίζω, τερετίζω, σιγοκελαηδώ, αργοσβήνω, λεπταίνω, αργοκυλώ, σιγοτραγουδώ | K21: ψιθυρίζω, μουρμουρίζω, σιγομιλώ, ψελλίζω, ψιθυρολογώ, υποτονίζω, χαμηλομιλώ, μονολογώ, ψιθυρίζομαι, γρυλίζω | L21: ψιθυρίζω, σιγομιλάω, μουρμουρίζω, σιγοτραγουδώ, καταλαλώ, συλλαβίζω, υποφωνώ, γογγύζω, μυστικοπαθώ, τραυλίζω | M21: 5 | N21: 6
A22: 21 | B22: αναβάλλω | C22: Μεταθέτω τις εργασίες μου για το μέλλον | D22: Ρήμα | E22: Μέτρια | F22: όχι | G22: 2 | H22: 1 | I22: 1 | J22: μεταθέτω, αναβάλλω, αργάζω, μετάθεση, λέω, κλείνω, περιμένω, γράφω, χρονογραφώ, βραδιάζω | K22: αναβάλλω, χρονοτριβώ, καθυστερώ, αναστέλλω, μεταθέτω, παραπέμπω, κωλυσιεργώ, ολιγωρώ, procrastinάρω, παρελκύω | L22: αναβάλλω, χρονοτριβώ, καθυστερώ, παραπέμπω, κωλυσιεργώ, μεταθέτω, αναστέλλω, ολιγωρώ, παρατείνω, βραδυπορώ | M22: 8 | N22: 10
A23: 22 | B23: παραιτούμαι | C23: Φεύγω, απομακρύνομαι οριστικά από μια εργασία ή μια κατάσταση | D23: Ρήμα | E23: Μέτρια | F23: όχι | H23: 1 | I23: 1 | J23: φεύγω, ξεκόβω, αποφεύγω, καταφεύγω, απομακρύνω, αποχωρώ, διαφεύγω, εγκαταλείπω, βγαίνω, βγάζω | K23: παραιτούμαι, αποχωρώ, εγκαταλείπω, αποσύρομαι, αποχωρίζομαι, απεμπλέκομαι, αποδεσμεύομαι, αποστρατεύομαι, απομακρύνομαι, παραιτούμαι | L23: παραιτούμαι, αποχωρώ, εγκαταλείπω, απομακρύνομαι, αποσυμπλέκομαι, φεύγω, αποδημώ, αποσύρομαι, απεμπλέκομαι, δραπετεύω | M23: 4 | N23: 6
A24: 23 | B24: αιμοδότης | C24: Αυτός που δίνει αίμα | D24: Ουσιαστικό | E24: Δύσκολη | F24: ναι | G24: 1 | H24: 1 | I24: 1 | J24: αιμοδότης, αιμοδοσία, αιμομίκτης, αιματηρός, αιμοδοτικός, δότης, αίμα, δωρητής, αιμάτινος, μυροφόρος | K24: αιμοδότης, δότης, αιμοδότρια, δωρητής, εθελοντής, αιμοδοτικός, αιματοδότης, χορηγός, αιμοδωρητής, αιμοδοτούχος | L24: αιμοδότης, δότης, εθελοντής, αιμοδοτών, δωρητής, προσφορέας, μεταγγιστής, βοηθός, παρέχων, συμπαραστάτης | M24: 7 | N24: 6
A25: 24 | B25: μεγαλομανία | C25: Η πεποίθηση πως το άτομο είναι ανώτερο από όλα τα υπόλοιπα | D25: Ουσιαστικό | E25: Δύσκολη | F25: όχι | H25: 5 | I25: 2 | J25: υψηλοφροσύνη, είναι, προτιμώ, νοημοσύνη, ανωτερότητα, επάνω, κυρίως, μεγαλοπιάνομαι, υπεροψία, υπερήφανος | K25: εγωισμός, ναρκισσισμός, αλαζονεία, υπεροψία, μεγαλομανία, εγωκεντρισμός, υπεροχή, ατομικισμός, φιλαυτία, αυταρέσκεια | L25: εγωισμός, μεγαλομανία, υπεροψία, εγωκεντρισμός, ναρκισσισμός, έπαρση, αυταρέσκεια, αλαζονεία, οίηση, υπεροχή | M25: 10 | N25: 10
A26: 25 | B26: λιποτάκτης | C26: Στρατιώτης που δεν εκπληρώνει την υποχρεωτική θητεία του | D26: Ουσιαστικό | E26: Δύσκολη | F26: όχι | G26: 6 | H26: 2 | I26: 1 | J26: φυγόστρατος, στρατεύσιμος, οπλίτης, στράτευση, στρατιωτικός, λιποτάκτης, αστρατολόγητος, κληρωτός, στρατιώτης, εθελοντής | K26: ανυπότακτος, λιποτάκτης, φυγόστρατος, ανυπότακτος, λιποτάκτης, στρατιώτης, φυγόπονος, απείθαρχος, δραπέτης, αντιρρησίας | L26: λιποτάκτης, ανυπότακτος, φυγάς, φυγόστρατος, αποστάτης, ριψάσπις, ανυπάκουος, απών, δραπέτης, παραβάτης | M26: 10 | N26: 10
A27: 26 | B27: αναχρονισμός | C27: Το μπέρδεμα της ιστορικής σειράς των γεγονότων | D27: Ουσιαστικό | E27: Δύσκολη | F27: όχι | H27: 1 | I27: 1 | J27: κυκεώνας, παραδοξότητα, μπέρδεμα, ιστορία, παραδρομή, μυθιστορία, ιστορικός, σκηνή, διχοστασία, ξανά | K27: αναχρονισμός, αναχρονία, χρονική ανακολουθία, χρονική σύγχυση, χρονολογική σύγχυση, αναδρομή, αναχρονιστικότητα, ασυγχρονία, παραχρονισμός, χρονική ασυνέπεια | L27: αναχρονισμός, παραδρομή, σύγχυση, ανακάτεμα, παραποίηση, αποπροσανατολισμός, ανακολουθία, αταξία, μετάθεση, αλλοίωση | M27: 2 | N27: 10
A28: 27 | B28: φιλάργυρος | C28: Αυτός που αγαπάει το χρήμα | D28: Επίθετο | E28: Δύσκολη | F28: όχι | G28: 1 | H28: 1 | I28: 1 | J28: φιλάργυρος, φιλοχρήματος, φιλοχρηματία, φιλοκερδής, παραδόπιστος, υλιστής, αφιλοχρήματος, βαστώ, χρηματικός, λεφτά | K28: φιλάργυρος, φιλοχρήματος, τσιγκούνης, φιλοχρηματίας, πλεονέκτης, άπληστος, φιλοκερδής, κερδοσκόπος, φιλάργυρη, χρηματολάτρης | L28: φιλάργυρος, πλεονέκτης, φιλοχρήματος, άπληστος, αργυρολόγος, συμφεροντολόγος, τοκογλύφος, σπαγγοραμμένος, μαμμωνιστής, καρμίρης | M28: 7 | N28: 8
A29: 28 | B29: εφήμερος | C29: Αυτός που διαρκεί για λίγο, που δεν είναι διαχρονικός | D29: Επίθετο | E29: Δύσκολη | F29: όχι | H29: 1 | I29: 1 | J29: σύντομος, πρόσκαιρος, προσωρινός, ολιγόχρονος, βραχυχρόνιος, περαστικός, στιγμιαίος, μεταβατικός, φευγαλέος, βραχύβιος | K29: εφήμερος, παροδικός, πρόσκαιρος, προσωρινός, βραχύβιος, στιγμιαίος, φευγαλέος, περαστικός, μεταβατικός, βραχύχρονος | L29: εφήμερος, προσωρινός, παροδικός, φθαρτός, ολιγοήμερος, στιγμιαίος, πρόσκαιρος, βραχύβιος, φευγαλέος, περαστικός | M29: 10 | N29: 10
A30: 29 | B30: αυτοδίδακτος | C30: Αυτός που δίδαξε στον εαυτό του κάποια δεξιότητα | D30: Επίθετο | E30: Δύσκολη | F30: ναι | G30: 1 | H30: 1 | I30: 1 | J30: αυτοδίδακτος, τεχνικός, μαθημένος, αδίδακτος, αυτοδιδασκαλία, δεξιοτεχνία, μορφωμένος, διδάξας, αυτοχειροτόνητος, δάσκαλος | K30: αυτοδίδακτος, αυτομαθής, αυτοεκπαιδευμένος, αυτομορφωμένος, αυτοδίδακτη, αυτοδιδασκόμενος, αυτοδιδάκτωρ, αυτοεκπαιδευόμενος, αυτοκαλλιεργημένος, αυτομόρφωτος | L30: αυτοδίδακτος, αυτενεργός, αυτόφωτος, εμπειρικός, ιδιοφυής, πρακτικός, αυτοσχέδιος, αυτοδημιούργητος, μελετηρός, αυτεπάγγελτος | M30: 1 | N30: 9
A31: 30 | B31: επαμφοτερίζω | C31: Έρχομαι και παρέρχομαι, αλλάζω γνώμη ανάλογα με την κατάσταση | D31: Ρήμα | E31: Δύσκολη | F31: όχι | J31: λέω, επανέρχομαι, περιέρχομαι, βρίσκω, παλαντζάρω, μιλώ, κάνω, έρχομαι, ποικίλλω, αντιγνωμώ | K31: αμφιταλαντεύομαι, παλινδρομώ, μεταστρέφομαι, αμφιβάλλω, μεταβάλλομαι, ταλαντεύομαι, αναποφασίζω, μεταπηδώ, προσαρμόζομαι, ελίσσομαι | L31: παλινωδώ, αμφιταλαντεύομαι, μεταστρέφομαι, μεταβάλλομαι, καιροσκοπώ, κλονίζομαι, διακυμαίνομαι, μεταπείθομαι, μεταλλάσσομαι, διστάζω | M31: 6 | N31: 4
